"Date","Price","Open","High","Low","Vol.","Change %"
"Mar 27, 2019","42,947.55","42,893.38","43,113.28","42,823.70","171.67M","0.28%"
"Mar 26, 2019","42,826.16","42,695.75","43,013.82","42,679.42","151.61M","0.29%"
"Mar 25, 2019","42,703.38","42,292.69","42,757.79","42,276.04","147.39M","0.97%"
"Mar 22, 2019","42,292.16","43,052.28","43,076.12","42,132.30","153.03M","-2.22%"
"Mar 21, 2019","43,251.19","43,121.90","43,362.91","42,851.91","154.66M","0.22%"
"Mar 20, 2019","43,156.21","42,389.60","43,250.61","42,231.19","221.58M","1.83%"
"Mar 19, 2019","42,378.61","42,431.76","42,745.49","42,217.09","215.24M","0.40%"
"Mar 15, 2019","42,210.46","41,810.09","42,309.97","41,798.95","589.12M","1.04%"
"Mar 14, 2019","41,777.81","41,935.91","41,982.02","41,469.92","137.48M","-0.37%"
"Mar 13, 2019","41,932.56","41,836.31","42,026.64","41,795.01","154.70M","0.46%"
"Mar 12, 2019","41,740.62","41,878.37","42,174.26","41,558.16","132.50M","-0.32%"
"Mar 11, 2019","41,876.17","41,631.19","41,985.09","41,490.62","104.41M","0.70%"
"Mar 08, 2019","41,586.70","41,583.93","41,674.73","41,140.32","144.84M","-0.13%"
"Mar 07, 2019","41,641.84","41,911.53","42,008.47","41,523.92","148.10M","-0.64%"
"Mar 06, 2019","41,908.15","42,134.46","42,419.23","41,859.22","151.29M","-0.52%"
"Mar 05, 2019","42,128.91","42,367.92","42,425.09","42,099.86","130.71M","-0.68%"
"Mar 04, 2019","42,418.49","42,598.19","42,648.70","42,197.87","114.10M","-0.47%"
"Mar 01, 2019","42,619.23","42,947.71","43,021.91","42,291.94","129.22M","-0.48%"
"Feb 28, 2019","42,823.81","43,267.74","43,355.39","42,550.09","303.93M","-1.13%"
"Feb 27, 2019","43,311.18","43,662.12","43,662.12","43,184.86","162.80M","-0.72%"
"Feb 26, 2019","43,623.33","43,647.42","43,724.34","43,445.91","180.61M","-0.09%"
"Feb 25, 2019","43,664.33","43,805.27","44,070.13","43,634.64","156.87M","-0.17%"
"Feb 22, 2019","43,738.66","43,583.28","44,001.22","43,571.77","141.54M","0.37%"
"Feb 21, 2019","43,577.64","43,161.04","43,633.48","43,003.39","157.41M","0.93%"
"Feb 20, 2019","43,178.00","42,997.04","43,345.86","42,997.04","176.18M","0.53%"
"Feb 19, 2019","42,949.50","43,003.41","43,320.52","42,803.88","133.31M","-0.07%"
"Feb 18, 2019","42,981.31","43,022.66","43,119.57","42,856.23","25.35M","-0.02%"
"Feb 15, 2019","42,988.72","42,810.13","43,035.53","42,677.39","136.41M","0.62%"
"Feb 14, 2019","42,725.22","42,364.99","42,780.89","42,066.08","190.64M","1.04%"
"Feb 13, 2019","42,284.06","43,138.51","43,194.25","42,202.96","201.34M","-1.92%"
"Feb 12, 2019","43,113.79","43,328.48","43,616.03","42,970.12","174.87M","-0.40%"
"Feb 11, 2019","43,285.17","43,126.04","43,471.87","43,108.50","103.61M","0.24%"
"Feb 08, 2019","43,180.45","43,576.70","43,620.29","43,116.56","115.06M","-1.02%"
"Feb 07, 2019","43,624.55","43,808.78","44,090.49","43,586.87","160.93M","-0.53%"
"Feb 06, 2019","43,855.79","44,391.71","44,495.02","43,808.83","190.01M","-1.09%"
"Feb 05, 2019","44,337.10","43,898.11","44,491.75","43,830.47","147.57M","1.37%"
"Feb 01, 2019","43,738.27","44,095.44","44,226.17","43,679.30","149.81M","-0.57%"
"Jan 31, 2019","43,987.94","43,668.54","44,190.28","43,600.01","189.88M","0.82%"
"Jan 30, 2019","43,631.36","43,734.33","43,915.15","43,084.45","180.49M","-0.16%"
"Jan 29, 2019","43,700.10","43,671.47","43,902.08","43,607.14","223.09M","0.17%"
"Jan 28, 2019","43,626.15","43,590.30","43,959.87","43,468.17","220.53M","-0.03%"
"Jan 25, 2019","43,638.62","43,603.12","44,051.76","43,436.95","170.41M","0.17%"
"Jan 24, 2019","43,566.11","43,738.64","43,856.29","43,420.38","172.81M","-0.26%"
"Jan 23, 2019","43,679.67","43,831.79","44,104.57","43,382.35","233.02M","-0.20%"
"Jan 22, 2019","43,768.08","44,066.30","44,073.24","43,602.83","186.12M","-0.59%"
"Jan 21, 2019","44,028.96","44,273.36","44,541.41","43,797.10","53.21M","-0.48%"
"Jan 18, 2019","44,241.54","44,024.91","44,507.40","43,995.48","197.35M","0.70%"
"Jan 17, 2019","43,932.08","43,845.46","44,070.84","43,843.07","229.85M","0.26%"
"Jan 16, 2019","43,819.53","43,640.61","43,984.60","43,602.94","187.00M","0.50%"
"Jan 15, 2019","43,603.62","43,387.75","43,747.99","43,387.75","186.32M","0.47%"
"Jan 14, 2019","43,397.98","43,548.56","43,681.33","43,171.02","121.95M","-0.36%"
"Jan 11, 2019","43,556.11","43,707.27","43,761.19","43,372.60","161.99M","-0.26%"
"Jan 10, 2019","43,668.95","43,669.03","43,792.18","43,481.84","194.96M","0.05%"
"Jan 09, 2019","43,648.07","43,563.72","44,046.77","43,552.61","228.93M","0.24%"
"Jan 08, 2019","43,542.87","43,264.19","43,582.19","43,024.52","179.76M","1.65%"
"Jan 07, 2019","42,834.20","42,489.05","42,896.11","42,313.06","147.15M","0.89%"
"Jan 04, 2019","42,455.13","42,024.77","42,661.84","42,024.77","114.42M","0.98%"
"Jan 03, 2019","42,044.32","42,172.26","42,292.39","41,699.78","116.60M","-0.54%"
"Jan 02, 2019","42,271.14","41,550.75","42,328.55","41,436.49","70.22M","1.52%"
"Dec 31, 2018","41,640.27","41,461.69","41,723.69","41,421.07","67.65M","0.44%"
"Dec 28, 2018","41,459.15","41,422.48","41,621.38","41,216.03","70.26M","0.10%"
"Dec 27, 2018","41,417.85","41,444.24","41,584.64","40,978.92","93.82M","-0.37%"
"Dec 26, 2018","41,573.61","41,364.16","41,702.86","41,177.80","81.83M","0.47%"
"Dec 24, 2018","41,380.11","41,421.56","41,698.25","41,182.61","34.70M","-0.21%"
"Dec 21, 2018","41,468.56","41,676.14","41,799.39","41,135.14","446.35M","-0.52%"
"Dec 20, 2018","41,683.27","41,562.24","41,751.90","41,309.40","166.38M","0.71%"
"Dec 19, 2018","41,388.28","40,950.32","42,032.26","40,950.32","229.47M","1.15%"
"Dec 18, 2018","40,917.57","40,480.75","41,148.40","40,419.20","191.21M","1.43%"
"Dec 17, 2018","40,340.51","41,307.52","41,596.05","40,278.16","141.03M","-2.35%"
"Dec 14, 2018","41,312.17","41,539.55","41,744.74","41,243.79","141.01M","-0.48%"
"Dec 13, 2018","41,512.51","41,118.63","41,841.65","41,118.63","214.22M","1.50%"
"Dec 11, 2018","40,897.85","41,512.11","41,665.18","40,799.32","168.06M","-1.11%"
"Dec 10, 2018","41,356.04","41,892.68","41,934.54","41,194.58","166.38M","-1.23%"
"Dec 07, 2018","41,870.13","42,031.54","42,315.84","41,781.60","149.99M","-0.28%"
"Dec 06, 2018","41,987.00","41,641.24","42,035.99","41,175.96","216.51M","0.22%"
"Dec 05, 2018","41,895.27","41,929.94","41,992.36","41,748.42","57.16M","0.07%"
"Dec 04, 2018","41,865.07","42,127.34","42,267.66","41,713.29","252.98M","-0.51%"
"Dec 03, 2018","42,081.78","41,976.61","42,947.20","41,844.06","248.89M","0.84%"
"Nov 30, 2018","41,732.78","41,976.34","41,984.58","41,416.15","420.36M","-0.43%"
"Nov 29, 2018","41,913.45","41,038.85","41,973.80","40,985.26","243.98M","2.25%"
"Nov 28, 2018","40,989.48","39,939.80","41,040.59","39,901.73","305.50M","2.97%"
"Nov 27, 2018","39,807.28","39,557.90","40,150.00","39,470.00","237.70M","0.96%"
"Nov 26, 2018","39,427.28","41,275.82","41,463.35","39,271.56","287.10M","-4.17%"
"Nov 23, 2018","41,144.33","41,342.37","41,557.21","41,084.44","104.53M","-0.31%"
"Nov 22, 2018","41,271.12","41,520.25","41,542.72","41,055.81","63.30M","-0.55%"
"Nov 21, 2018","41,499.93","41,893.44","42,216.04","41,456.66","205.26M","-0.71%"
"Nov 20, 2018","41,797.37","41,885.62","42,505.14","41,705.72","202.42M","-1.23%"
"Nov 16, 2018","42,319.27","41,368.59","42,460.86","41,368.59","227.53M","2.10%"
"Nov 15, 2018","41,450.65","42,323.82","42,457.68","41,284.04","168.46M","-2.11%"
"Nov 14, 2018","42,343.96","42,474.82","43,220.58","42,141.94","250.72M","-0.18%"
"Nov 13, 2018","42,421.33","43,212.70","43,308.77","42,396.62","216.68M","-2.05%"
"Nov 12, 2018","43,310.01","44,098.93","44,253.11","43,172.16","180.78M","-2.15%"
"Nov 09, 2018","44,263.74","44,277.30","44,539.87","42,816.75","302.73M","0.17%"
"Nov 08, 2018","44,190.25","46,808.52","46,815.62","44,019.79","274.98M","-5.81%"
"Nov 07, 2018","46,917.40","46,423.80","46,957.61","46,423.80","213.88M","1.27%"
"Nov 06, 2018","46,328.35","46,797.87","46,975.18","46,120.49","204.76M","-1.04%"
"Nov 05, 2018","46,817.36","45,449.05","46,865.74","45,432.99","271.72M","3.02%"
"Nov 01, 2018","45,446.83","43,993.35","45,585.01","43,964.83","259.57M","3.42%"
"Oct 31, 2018","43,942.55","43,626.60","44,300.66","43,604.78","361.57M","0.93%"
"Oct 30, 2018","43,538.12","43,849.52","43,932.88","43,407.49","273.49M","-0.78%"
"Oct 29, 2018","43,879.13","45,763.09","45,823.45","43,779.50","291.99M","-4.20%"
"Oct 26, 2018","45,803.33","46,107.97","46,118.46","45,677.27","216.70M","-1.02%"
"Oct 25, 2018","46,275.71","46,102.15","46,626.08","46,019.26","165.50M","0.69%"
"Oct 24, 2018","45,959.04","46,537.18","46,640.17","45,898.38","183.01M","-1.05%"
"Oct 23, 2018","46,449.03","46,771.46","46,843.83","46,279.39","164.74M","-1.09%"
"Oct 22, 2018","46,962.74","47,485.74","47,672.92","46,657.82","130.67M","-1.00%"
"Oct 19, 2018","47,437.45","47,151.30","47,568.88","47,103.46","180.18M","0.88%"
"Oct 18, 2018","47,024.46","47,823.34","48,026.19","46,929.42","163.66M","-1.80%"
"Oct 17, 2018","47,887.95","48,221.01","48,221.01","47,778.83","134.73M","-0.63%"
"Oct 16, 2018","48,191.57","47,830.81","48,299.23","47,794.31","124.69M","0.95%"
"Oct 15, 2018","47,739.09","47,447.60","47,963.49","47,204.89","110.69M","0.62%"
"Oct 12, 2018","47,444.05","47,656.86","48,078.44","47,071.24","156.54M","-0.24%"
"Oct 11, 2018","47,558.23","48,123.59","48,205.01","47,478.59","188.72M","-1.20%"
"Oct 10, 2018","48,136.18","48,506.96","48,525.11","48,025.27","152.25M","-0.76%"
"Oct 09, 2018","48,505.22","48,040.88","48,552.08","47,673.38","119.42M","0.86%"
"Oct 08, 2018","48,093.10","48,018.35","48,183.28","47,869.24","150.04M","0.08%"
"Oct 05, 2018","48,052.85","48,717.80","48,735.11","48,004.92","132.31M","-1.29%"
"Oct 04, 2018","48,683.26","49,001.40","49,001.40","48,461.22","143.48M","-0.66%"
"Oct 03, 2018","49,005.35","49,442.99","49,487.54","48,926.41","178.17M","-0.75%"
"Oct 02, 2018","49,376.50","49,821.57","49,924.62","49,290.42","98.77M","-0.93%"
"Oct 01, 2018","49,841.47","49,547.85","50,041.60","49,547.85","95.68M","0.68%"
"Sep 28, 2018","49,504.16","49,542.51","49,644.24","49,347.52","138.03M","-0.29%"
"Sep 27, 2018","49,646.91","49,641.67","49,964.97","49,492.69","108.77M","0.08%"
"Sep 26, 2018","49,606.07","49,675.71","49,944.29","49,555.13","100.27M","-0.09%"
"Sep 25, 2018","49,651.55","49,447.98","49,721.20","49,447.98","91.21M","0.47%"
"Sep 24, 2018","49,417.22","49,304.88","49,486.72","49,032.77","95.93M","0.17%"
"Sep 21, 2018","49,331.51","49,483.04","49,732.35","49,296.57","560.78M","-0.36%"
"Sep 20, 2018","49,510.78","49,590.98","49,812.14","49,315.39","97.81M","-0.16%"
"Sep 19, 2018","49,590.79","49,623.98","49,887.79","49,536.32","133.42M","-0.14%"
"Sep 18, 2018","49,661.83","49,412.00","49,843.59","49,395.51","107.45M","0.53%"
"Sep 17, 2018","49,398.57","49,553.88","49,810.05","49,373.54","78.15M","-0.43%"
"Sep 14, 2018","49,611.93","49,460.31","49,841.57","49,342.47","140.30M","-0.16%"
"Sep 13, 2018","49,693.21","49,219.45","49,761.89","49,133.37","193.37M","0.89%"
"Sep 12, 2018","49,254.98","48,886.88","49,347.36","48,687.80","170.57M","0.73%"
"Sep 11, 2018","48,895.80","48,739.76","48,918.31","48,483.67","117.85M","0.10%"
"Sep 10, 2018","48,848.74","49,027.40","49,044.81","48,571.70","82.05M","-0.25%"
"Sep 07, 2018","48,971.14","48,602.27","48,999.97","48,198.74","115.53M","0.53%"
"Sep 06, 2018","48,711.85","48,631.30","48,904.71","48,553.06","117.46M","0.24%"
"Sep 05, 2018","48,595.37","48,757.87","48,944.65","48,478.30","143.09M","-0.59%"
"Sep 04, 2018","48,884.17","49,491.41","49,541.30","48,805.16","133.63M","-1.22%"
"Sep 03, 2018","49,488.48","49,574.12","49,727.21","49,421.06","15.20M","-0.12%"
"Aug 31, 2018","49,547.68","49,540.09","49,900.15","49,297.56","166.14M","-0.21%"
"Aug 30, 2018","49,653.14","50,178.57","50,199.30","49,280.91","115.98M","-1.06%"
"Aug 29, 2018","50,187.48","50,048.84","50,238.09","49,927.90","123.11M","0.33%"
"Aug 28, 2018","50,023.98","50,518.28","50,603.39","49,810.00","138.68M","-0.78%"
"Aug 27, 2018","50,416.27","49,789.19","50,485.51","49,789.19","117.69M","1.58%"
"Aug 24, 2018","49,633.77","49,719.88","50,088.67","49,519.97","61.03M","-0.23%"
"Aug 23, 2018","49,749.56","49,895.31","50,093.36","49,636.91","104.27M","-0.26%"
"Aug 22, 2018","49,880.34","49,282.86","49,910.87","49,142.54","150.68M","1.09%"
"Aug 21, 2018","49,344.05","48,791.84","49,430.03","48,731.38","142.40M","1.14%"
"Aug 20, 2018","48,785.48","48,277.94","48,875.40","48,245.84","80.12M","1.08%"
"Aug 17, 2018","48,264.63","48,065.22","48,308.98","47,879.08","132.34M","0.43%"
"Aug 16, 2018","48,059.06","48,666.80","48,681.69","47,970.07","146.48M","-1.02%"
"Aug 15, 2018","48,556.69","49,033.17","49,054.24","48,468.53","115.95M","-1.10%"
"Aug 14, 2018","49,096.13","48,815.71","49,267.67","48,789.86","135.58M","0.67%"
"Aug 13, 2018","48,767.02","48,383.73","48,902.13","48,365.05","99.10M","0.79%"
"Aug 10, 2018","48,383.59","49,193.35","49,240.19","48,109.04","183.70M","-1.75%"
"Aug 09, 2018","49,244.40","49,931.52","49,957.00","49,218.85","130.85M","-1.30%"
"Aug 08, 2018","49,894.56","49,979.45","49,987.17","49,670.49","110.71M","-0.14%"
"Aug 07, 2018","49,963.87","49,411.38","50,071.99","49,411.38","173.02M","1.31%"
"Aug 06, 2018","49,320.21","49,373.65","49,403.59","49,072.43","78.03M","0.04%"
"Aug 03, 2018","49,302.57","49,237.27","49,439.71","49,183.74","143.74M","0.50%"
"Aug 02, 2018","49,056.04","49,364.14","49,364.14","48,880.21","119.79M","-0.80%"
"Aug 01, 2018","49,449.44","49,742.06","49,786.72","49,394.66","122.38M","-0.50%"
"Jul 31, 2018","49,698.01","49,732.24","50,080.80","49,582.46","167.25M","-0.01%"
"Jul 30, 2018","49,705.28","49,635.85","49,954.86","49,542.91","146.01M","0.12%"
"Jul 27, 2018","49,643.94","49,475.57","49,825.37","49,281.83","150.14M","0.42%"
"Jul 26, 2018","49,438.24","49,637.30","50,037.44","49,322.87","216.45M","-0.33%"
"Jul 25, 2018","49,603.65","49,621.81","49,993.69","49,305.25","157.06M","0.28%"
"Jul 24, 2018","49,462.77","48,905.01","49,576.88","48,896.53","165.32M","1.25%"
"Jul 23, 2018","48,850.93","48,909.49","49,023.71","48,691.25","96.54M","-0.12%"
"Jul 20, 2018","48,908.24","48,826.10","48,945.99","48,397.25","137.77M","0.33%"
"Jul 19, 2018","48,747.79","48,893.12","49,028.49","48,607.54","129.89M","-0.52%"
"Jul 18, 2018","49,002.77","48,710.90","49,119.67","48,659.79","122.80M","0.61%"
"Jul 17, 2018","48,704.63","48,459.24","48,744.67","48,264.85","141.12M","0.52%"
"Jul 16, 2018","48,454.21","48,187.58","48,555.26","48,052.88","107.98M","0.10%"
"Jul 13, 2018","48,406.01","48,692.86","48,700.77","48,327.32","161.95M","-0.60%"
"Jul 12, 2018","48,696.30","49,081.38","49,081.38","48,663.63","172.48M","-0.67%"
"Jul 11, 2018","49,025.15","48,890.49","49,058.25","48,689.11","157.85M","0.07%"
"Jul 10, 2018","48,990.92","49,277.01","49,427.53","48,747.33","205.35M","-0.50%"
"Jul 09, 2018","49,235.81","49,036.57","49,477.31","48,848.97","114.01M","0.52%"
"Jul 06, 2018","48,981.41","48,539.57","49,277.79","48,398.06","191.76M","0.86%"
"Jul 05, 2018","48,562.65","47,319.71","48,617.25","47,008.00","202.06M","2.63%"
"Jul 04, 2018","47,318.52","46,904.84","47,384.71","46,877.33","28.65M","0.56%"
"Jul 03, 2018","47,053.89","46,732.81","47,248.73","46,652.82","127.48M","0.86%"
"Jul 02, 2018","46,653.52","47,684.43","47,695.64","46,566.29","134.41M","-2.12%"
"Jun 29, 2018","47,663.20","47,025.70","47,705.57","47,021.71","191.76M","1.34%"
"Jun 28, 2018","47,031.27","46,849.80","47,250.55","46,649.93","169.93M","0.33%"
"Jun 27, 2018","46,874.43","46,874.35","47,026.36","46,690.39","160.05M","-0.07%"
"Jun 26, 2018","46,908.94","46,818.90","46,961.47","46,569.01","149.89M","0.34%"
"Jun 25, 2018","46,747.85","46,832.59","47,059.92","46,501.24","148.08M","0.02%"
"Jun 22, 2018","46,737.64","46,472.63","46,777.66","46,285.04","130.49M","0.60%"
"Jun 21, 2018","46,456.91","46,627.76","46,753.19","46,419.39","162.76M","-0.65%"
"Jun 20, 2018","46,759.41","46,518.29","46,883.85","46,515.87","169.09M","0.58%"
"Jun 19, 2018","46,488.38","46,389.41","46,601.46","46,238.77","153.97M","-0.37%"
"Jun 18, 2018","46,660.87","46,917.48","46,917.48","46,267.75","127.48M","-0.59%"
"Jun 15, 2018","46,938.82","47,139.27","47,202.36","46,584.45","630.36M","-0.55%"
"Jun 14, 2018","47,197.24","46,620.45","47,282.85","46,601.35","201.16M","0.93%"
"Jun 13, 2018","46,760.58","46,579.73","47,170.58","46,579.73","191.25M","0.21%"
"Jun 12, 2018","46,660.75","46,385.89","46,838.25","46,274.20","162.33M","0.78%"
"Jun 11, 2018","46,301.14","45,903.89","46,402.41","45,888.24","164.87M","0.79%"
"Jun 08, 2018","45,939.54","45,479.95","45,990.15","45,281.08","114.39M","1.02%"
"Jun 07, 2018","45,476.57","45,095.45","45,508.44","44,977.83","160.10M","0.65%"
"Jun 06, 2018","45,181.82","45,192.49","45,295.98","45,115.54","136.46M","0.11%"
"Jun 05, 2018","45,130.70","45,206.78","45,555.52","45,073.71","179.55M","-0.25%"
"Jun 04, 2018","45,243.98","45,024.96","45,344.16","45,016.32","140.99M","0.51%"
"Jun 01, 2018","45,013.12","44,692.79","45,155.62","44,531.80","119.52M","0.78%"
"May 31, 2018","44,662.55","44,666.91","44,843.41","44,429.36","718.15M","-0.12%"
"May 30, 2018","44,715.88","44,635.28","44,956.38","44,436.14","201.78M","0.15%"
"May 29, 2018","44,647.37","44,866.20","45,157.15","44,582.94","174.66M","-0.45%"
"May 28, 2018","44,851.05","45,071.15","45,322.49","44,795.36","34.22M","-0.53%"
"May 25, 2018","45,091.99","45,503.46","45,775.08","45,055.92","158.88M","-0.75%"
"May 24, 2018","45,433.09","45,743.15","45,799.05","45,363.98","116.51M","-0.75%"
"May 23, 2018","45,776.69","45,530.27","45,985.83","45,226.57","141.90M","0.39%"
"May 22, 2018","45,600.87","45,384.84","45,640.29","45,104.81","149.89M","0.65%"
"May 21, 2018","45,305.02","45,707.31","45,999.59","45,289.41","143.59M","-0.79%"
"May 18, 2018","45,666.77","45,731.63","45,810.88","45,364.91","270.07M","-0.26%"
"May 17, 2018","45,787.90","46,422.35","46,433.14","45,746.90","146.04M","-1.36%"
"May 16, 2018","46,419.77","46,267.02","46,507.21","46,197.32","134.74M","0.35%"
"May 15, 2018","46,258.96","46,463.86","46,537.52","45,959.12","215.97M","-0.56%"
"May 14, 2018","46,519.29","46,724.69","46,842.52","46,488.72","152.37M","-0.45%"
"May 11, 2018","46,728.92","46,634.70","46,876.96","46,255.19","116.42M","0.38%"
"May 10, 2018","46,551.55","46,280.05","46,931.49","46,280.05","167.41M","0.56%"
"May 09, 2018","46,294.43","46,747.83","46,815.26","46,162.23","153.89M","-0.91%"
"May 08, 2018","46,719.51","46,458.00","46,747.82","46,311.49","156.26M","0.53%"
"May 07, 2018","46,474.70","47,013.55","47,078.93","46,424.26","134.10M","-1.10%"
"May 04, 2018","46,992.17","47,090.76","47,164.87","46,741.72","147.53M","-0.22%"
"May 03, 2018","47,094.13","47,833.24","47,833.24","47,030.86","234.47M","-1.50%"
"May 02, 2018","47,809.98","48,318.03","48,496.09","47,781.04","231.88M","-1.13%"
"Apr 30, 2018","48,358.16","48,275.64","48,504.44","48,236.65","163.74M","0.15%"
"Apr 27, 2018","48,284.61","48,222.04","48,466.01","48,140.56","186.75M","-0.03%"
"Apr 26, 2018","48,297.71","48,012.68","48,407.82","47,907.55","205.33M","0.50%"
"Apr 25, 2018","48,058.21","48,028.86","48,252.92","47,884.64","153.36M","0.02%"
"Apr 24, 2018","48,046.80","48,458.52","48,597.31","47,915.94","142.92M","-0.82%"
"Apr 23, 2018","48,442.22","48,366.08","48,995.80","48,350.40","159.53M","0.02%"
"Apr 20, 2018","48,431.58","48,815.33","48,958.39","48,209.54","149.94M","-0.64%"
"Apr 19, 2018","48,745.28","48,881.68","49,193.05","48,574.25","192.59M","-0.70%"
"Apr 18, 2018","49,090.74","49,032.92","49,187.56","48,964.33","191.38M","0.32%"
"Apr 17, 2018","48,933.61","48,420.51","48,965.94","48,340.04","197.10M","1.03%"
"Apr 16, 2018","48,434.39","48,750.49","48,840.35","48,378.35","139.58M","-0.68%"
"Apr 13, 2018","48,768.30","48,817.17","48,828.90","48,560.26","139.70M","-0.03%"
"Apr 12, 2018","48,782.56","48,550.01","48,828.05","48,335.53","158.41M","0.52%"
"Apr 11, 2018","48,532.14","48,253.84","48,571.41","48,186.52","163.57M","0.42%"
"Apr 10, 2018","48,331.51","48,099.88","48,490.79","48,099.33","203.14M","0.57%"
"Apr 09, 2018","48,058.96","48,008.90","48,307.36","48,000.92","169.01M","0.28%"
"Apr 06, 2018","47,926.11","47,863.60","48,091.20","47,655.43","145.90M","-0.05%"
"Apr 05, 2018","47,951.75","47,438.26","48,172.94","47,418.45","176.98M","1.04%"
"Apr 04, 2018","47,457.46","46,541.10","47,521.73","46,320.05","211.06M","1.66%"
"Apr 03, 2018","46,684.06","45,940.64","46,753.39","45,868.04","184.66M","1.87%"
"Apr 02, 2018","45,826.64","46,124.85","46,589.63","45,785.41","127.46M","-0.65%"
"Mar 28, 2018","46,124.85","46,860.84","46,876.61","46,041.39","229.25M","-1.43%"
"Mar 27, 2018","46,793.58","46,876.47","47,045.19","46,727.22","141.07M","-0.14%"
"Mar 26, 2018","46,858.46","46,621.05","46,938.93","45,895.10","152.46M","0.74%"
"Mar 23, 2018","46,515.93","47,510.59","47,638.50","46,450.68","226.18M","-1.78%"
"Mar 22, 2018","47,361.04","47,457.93","47,566.49","47,152.46","180.01M","-0.34%"
"Mar 21, 2018","47,521.84","47,078.86","47,606.38","46,896.78","251.16M","0.95%"
"Mar 20, 2018","47,076.51","47,342.38","47,360.51","46,987.31","210.50M","-0.84%"
"Mar 16, 2018","47,477.58","47,833.39","47,920.38","47,365.20","645.61M","-0.71%"
"Mar 15, 2018","47,817.05","48,107.86","48,508.26","47,778.92","148.71M","-0.70%"
"Mar 14, 2018","48,156.44","48,572.49","48,608.30","48,096.81","134.50M","-0.82%"
"Mar 13, 2018","48,557.01","48,652.99","48,896.67","48,471.26","186.90M","-0.23%"
"Mar 12, 2018","48,671.29","48,592.85","48,983.93","48,521.98","160.79M","0.24%"
"Mar 09, 2018","48,556.45","48,242.62","48,809.32","48,208.75","162.62M","0.66%"
"Mar 08, 2018","48,240.00","47,710.21","48,285.77","47,696.32","166.79M","1.21%"
"Mar 07, 2018","47,662.12","47,815.70","47,831.92","47,529.77","173.03M","-0.46%"
"Mar 06, 2018","47,884.63","47,825.47","48,233.35","47,617.75","176.24M","0.34%"
"Mar 05, 2018","47,720.91","47,628.81","47,827.40","47,217.98","153.08M","0.36%"
"Mar 02, 2018","47,548.10","47,513.44","47,683.49","47,034.82","140.15M","-0.11%"
"Mar 01, 2018","47,599.42","47,470.67","47,800.56","47,157.11","186.23M","0.34%"
"Feb 28, 2018","47,437.93","48,055.39","48,062.13","47,231.79","276.73M","-1.11%"
"Feb 27, 2018","47,970.19","48,481.90","48,532.55","47,886.36","167.33M","-1.02%"
"Feb 26, 2018","48,463.44","48,662.29","48,713.99","48,240.32","146.54M","-0.37%"
"Feb 23, 2018","48,643.43","49,176.31","49,176.31","48,488.18","122.44M","-0.67%"
"Feb 22, 2018","48,969.64","48,552.29","49,086.63","48,538.90","180.20M","0.89%"
"Feb 21, 2018","48,535.59","48,749.05","48,930.70","48,431.97","152.63M","-0.31%"
"Feb 20, 2018","48,685.19","48,913.12","48,955.16","48,492.19","145.27M","-0.50%"
"Feb 19, 2018","48,928.48","48,886.97","49,198.14","48,820.53","17.14M","0.09%"
"Feb 16, 2018","48,882.78","48,831.25","49,378.25","48,621.12","135.87M","0.15%"
"Feb 15, 2018","48,808.39","48,547.85","48,984.22","48,378.02","196.89M","0.84%"
"Feb 14, 2018","48,400.75","47,871.59","48,560.26","47,758.96","156.70M","0.99%"
"Feb 13, 2018","47,926.73","47,892.47","47,995.86","47,675.48","136.95M","0.20%"
"Feb 12, 2018","47,830.49","47,950.63","48,234.74","47,504.60","140.37M","0.07%"
"Feb 09, 2018","47,799.09","47,998.80","48,139.85","46,985.81","187.47M","-0.13%"
"Feb 08, 2018","47,862.10","49,054.75","49,054.75","47,726.13","260.88M","-2.28%"
"Feb 07, 2018","48,976.45","49,247.64","49,504.98","48,853.69","191.36M","-0.67%"
"Feb 06, 2018","49,304.94","49,023.33","49,709.92","48,681.96","249.45M","-2.16%"
"Feb 02, 2018","50,395.83","50,388.00","50,513.31","49,900.47","141.40M","-0.39%"
"Feb 01, 2018","50,591.15","50,425.84","50,926.96","50,420.76","178.40M","0.27%"
"Jan 31, 2018","50,456.17","50,385.95","50,566.66","50,127.01","199.87M","0.15%"
"Jan 30, 2018","50,382.86","50,461.54","50,556.41","49,928.62","135.25M","-0.50%"
"Jan 29, 2018","50,636.32","51,081.47","51,121.23","50,520.28","157.83M","-0.84%"
"Jan 26, 2018","51,065.49","50,772.37","51,107.51","50,340.13","207.90M","0.57%"
"Jan 25, 2018","50,777.90","50,821.83","51,100.03","50,625.56","217.70M","0.06%"
"Jan 24, 2018","50,746.93","50,178.18","50,879.61","50,145.41","209.36M","0.97%"
"Jan 23, 2018","50,260.25","50,030.56","50,306.88","49,884.91","169.11M","0.57%"
"Jan 22, 2018","49,974.48","49,711.51","50,034.50","49,709.20","160.70M","0.56%"
"Jan 19, 2018","49,695.56","49,883.64","49,987.73","49,660.01","170.29M","-0.43%"
"Jan 18, 2018","49,911.97","49,681.18","49,958.33","49,620.16","132.01M","0.36%"
"Jan 17, 2018","49,732.30","49,499.23","49,804.96","49,450.85","169.44M","0.49%"
"Jan 16, 2018","49,491.72","49,292.38","49,612.22","49,290.12","160.83M","0.21%"
"Jan 15, 2018","49,387.28","49,183.59","49,455.31","49,121.85","27.70M","0.51%"
"Jan 12, 2018","49,135.91","48,764.91","49,429.03","48,521.61","175.40M","0.69%"
"Jan 11, 2018","48,799.39","48,840.16","49,026.05","48,408.75","203.71M","0.03%"
"Jan 10, 2018","48,785.25","49,666.23","49,741.02","48,722.27","178.89M","-1.84%"
"Jan 09, 2018","49,701.37","50,002.03","50,162.75","49,543.21","209.33M","-0.59%"
"Jan 08, 2018","49,995.57","49,916.57","50,233.62","49,891.07","150.48M","0.22%"
"Jan 05, 2018","49,887.74","49,929.52","50,079.03","49,712.54","156.15M","0.29%"
"Jan 04, 2018","49,744.62","49,800.36","50,128.47","49,704.25","182.74M","-0.08%"
"Jan 03, 2018","49,782.23","50,093.31","50,093.31","49,735.91","145.27M","-0.50%"
"Jan 02, 2018","50,033.95","49,376.26","50,083.02","49,328.60","106.59M","1.38%"
"Dec 29, 2017","49,354.42","48,880.39","49,388.98","48,874.16","88.57M","1.01%"
"Dec 28, 2017","48,861.94","48,659.43","48,999.50","48,640.11","67.28M","0.43%"
"Dec 27, 2017","48,652.56","48,470.87","48,810.87","48,425.71","68.56M","0.42%"
"Dec 26, 2017","48,451.33","48,473.31","48,801.28","48,198.17","69.96M","0.13%"
"Dec 22, 2017","48,387.93","48,429.97","48,590.57","48,232.84","103.49M","-0.24%"
"Dec 21, 2017","48,503.31","48,418.09","48,767.24","48,402.32","132.49M","0.23%"
"Dec 20, 2017","48,390.39","48,449.24","48,536.73","48,191.28","186.69M","-0.03%"
"Dec 19, 2017","48,403.03","48,636.52","48,792.24","48,368.90","234.46M","-0.48%"
"Dec 18, 2017","48,634.54","48,082.82","48,733.58","48,071.02","259.22M","1.15%"
"Dec 15, 2017","48,081.55","48,244.50","48,360.42","47,930.81","480.35M","-0.29%"
"Dec 14, 2017","48,222.38","48,297.30","48,537.02","48,091.40","300.40M","-0.11%"
"Dec 13, 2017","48,276.72","47,831.58","48,316.97","47,826.15","334.48M","1.21%"
"Dec 11, 2017","47,699.04","47,407.73","47,843.55","47,407.73","140.91M","0.27%"
"Dec 08, 2017","47,572.86","47,012.03","47,632.96","47,012.03","179.40M","1.25%"
"Dec 07, 2017","46,987.01","47,016.28","47,276.87","46,949.80","200.49M","0.03%"
"Dec 06, 2017","46,973.30","47,465.41","47,465.41","46,933.29","196.36M","-1.03%"
"Dec 05, 2017","47,462.79","47,228.10","47,525.64","47,014.11","132.56M","0.64%"
"Dec 04, 2017","47,161.32","47,289.47","47,514.91","46,993.75","148.58M","-0.22%"
"Dec 01, 2017","47,265.31","47,098.36","47,401.51","46,936.60","187.07M","0.37%"
"Nov 30, 2017","47,092.44","47,618.33","47,639.88","47,003.07","372.68M","-1.11%"
"Nov 29, 2017","47,622.93","47,298.31","47,681.89","46,960.89","215.14M","0.83%"
"Nov 28, 2017","47,229.16","47,312.31","47,494.20","47,108.77","197.56M","-0.10%"
"Nov 27, 2017","47,275.32","47,874.70","47,887.12","47,221.47","171.28M","-1.39%"
"Nov 24, 2017","47,941.88","48,199.82","48,210.96","47,662.34","65.53M","-0.40%"
"Nov 23, 2017","48,136.24","48,208.92","48,246.94","48,036.39","23.85M","-0.13%"
"Nov 22, 2017","48,196.89","48,263.13","48,453.19","47,933.19","179.68M","0.02%"
"Nov 21, 2017","48,185.71","47,831.62","48,258.83","47,750.73","195.43M","0.69%"
"Nov 17, 2017","47,857.14","47,780.36","48,107.72","47,597.77","150.28M","0.23%"
"Nov 16, 2017","47,747.69","47,736.59","48,025.86","47,711.52","145.08M","0.12%"
"Nov 15, 2017","47,690.80","47,853.83","47,958.12","47,471.13","172.36M","-0.38%"
"Nov 14, 2017","47,873.65","47,999.61","48,044.60","47,659.14","162.42M","-0.27%"
"Nov 13, 2017","48,002.43","48,013.10","48,103.08","47,662.38","243.74M","-0.05%"
"Nov 10, 2017","48,028.30","48,659.33","48,717.36","47,972.79","208.18M","-1.41%"
"Nov 09, 2017","48,713.51","48,731.88","48,927.45","48,633.77","183.59M","-0.25%"
"Nov 08, 2017","48,835.69","49,001.94","49,058.84","48,806.56","122.87M","-0.34%"
"Nov 07, 2017","49,004.52","48,946.13","49,276.47","48,879.49","208.90M","0.08%"
"Nov 06, 2017","48,967.01","48,623.41","49,061.43","48,281.12","225.24M","0.89%"
"Nov 03, 2017","48,534.84","48,334.87","48,584.22","47,824.97","229.67M","0.41%"
"Nov 01, 2017","48,334.45","48,700.16","48,829.83","48,261.08","199.05M","-0.60%"
"Oct 31, 2017","48,625.53","48,929.26","48,958.84","48,579.68","169.39M","-0.47%"
"Oct 30, 2017","48,855.27","49,250.79","49,252.55","48,779.04","123.61M","-0.72%"
"Oct 27, 2017","49,209.58","49,011.64","49,327.32","48,829.74","214.60M","0.45%"
"Oct 26, 2017","48,986.84","49,004.30","49,388.76","48,954.30","236.54M","0.23%"
"Oct 25, 2017","48,876.46","50,166.47","50,166.47","48,804.03","287.23M","-2.55%"
"Oct 24, 2017","50,157.22","49,612.85","50,194.74","49,612.85","191.97M","1.23%"
"Oct 23, 2017","49,548.13","50,033.55","50,109.71","49,509.56","149.24M","-0.88%"
"Oct 20, 2017","49,988.71","50,207.87","50,582.62","49,896.63","240.92M","-0.02%"
"Oct 19, 2017","50,000.25","49,914.15","50,057.01","49,760.76","162.69M","0.12%"
"Oct 18, 2017","49,938.98","50,112.50","50,135.82","49,887.18","200.52M","-0.40%"
"Oct 17, 2017","50,140.52","49,760.79","50,208.42","49,544.89","311.21M","0.84%"
"Oct 16, 2017","49,721.01","50,029.82","50,230.04","49,673.22","204.50M","-0.52%"
"Oct 13, 2017","49,981.94","50,040.40","50,224.98","49,914.96","218.95M","0.04%"
"Oct 12, 2017","49,962.79","50,148.62","50,306.08","49,858.26","223.71M","-0.35%"
"Oct 11, 2017","50,139.68","50,011.50","50,257.65","49,904.88","214.34M","0.31%"
"Oct 10, 2017","49,982.94","50,141.12","50,230.44","49,888.40","180.84M","-0.18%"
"Oct 09, 2017","50,071.94","50,584.27","50,584.27","49,980.51","136.88M","-0.46%"
"Oct 06, 2017","50,302.96","50,513.17","50,616.65","50,257.55","133.53M","-0.35%"
"Oct 05, 2017","50,480.92","50,631.36","50,909.48","50,425.09","148.57M","-0.17%"
"Oct 04, 2017","50,565.29","50,653.53","50,750.30","50,511.04","118.43M","-0.10%"
"Oct 03, 2017","50,615.29","50,593.54","50,741.49","50,453.76","126.89M","0.23%"
"Oct 02, 2017","50,501.16","50,499.17","50,629.16","50,350.87","127.55M","0.31%"
"Sep 29, 2017","50,346.06","50,064.82","50,605.60","50,064.82","154.23M","0.42%"
"Sep 28, 2017","50,137.00","50,063.83","50,228.13","49,920.21","160.20M","-0.06%"
"Sep 27, 2017","50,169.13","50,336.32","50,549.79","49,778.80","173.00M","-0.38%"
"Sep 26, 2017","50,359.47","50,462.58","50,472.38","50,261.27","160.19M","-0.02%"
"Sep 25, 2017","50,368.17","50,302.13","50,436.07","50,161.29","124.01M","0.11%"
"Sep 22, 2017","50,313.51","50,487.93","50,541.50","50,282.19","96.39M","-0.46%"
"Sep 21, 2017","50,545.75","50,385.34","50,636.33","50,156.76","138.99M","0.36%"
"Sep 20, 2017","50,363.95","50,312.79","50,430.38","50,173.52","120.25M","0.20%"
"Sep 19, 2017","50,265.46","50,327.32","50,364.83","50,117.71","103.03M","0.01%"
"Sep 18, 2017","50,258.42","49,953.14","50,326.56","49,953.14","148.53M","0.67%"
"Sep 15, 2017","49,921.84","50,058.62","50,134.44","49,779.09","514.88M","-0.37%"
"Sep 14, 2017","50,107.86","50,094.90","50,225.12","50,017.37","155.30M","-0.11%"
"Sep 13, 2017","50,164.88","50,519.93","50,542.45","50,121.64","200.87M","-0.63%"
"Sep 12, 2017","50,480.96","50,385.80","50,699.50","50,385.50","144.87M","0.24%"
"Sep 11, 2017","50,359.32","50,135.92","50,443.47","50,133.54","131.79M","0.55%"
"Sep 08, 2017","50,083.80","50,192.73","50,308.54","49,865.79","137.99M","-0.33%"
"Sep 07, 2017","50,249.12","50,533.54","50,700.97","50,094.95","153.70M","-0.53%"
"Sep 06, 2017","50,515.60","50,341.86","50,664.66","50,232.91","182.52M","0.43%"
"Sep 05, 2017","50,301.39","50,947.67","50,969.74","50,257.74","153.96M","-1.03%"
"Sep 04, 2017","50,825.77","51,015.91","51,041.89","50,771.58","16.59M","-0.50%"
"Sep 01, 2017","51,080.85","51,271.32","51,370.82","51,001.30","121.79M","-0.25%"
"Aug 31, 2017","51,210.48","51,155.59","51,232.49","51,034.27","230.99M","0.03%"
"Aug 30, 2017","51,193.52","51,312.90","51,350.08","51,003.93","205.90M","-0.23%"
"Aug 29, 2017","51,313.66","51,200.62","51,345.90","51,054.57","145.43M","0.09%"
"Aug 28, 2017","51,266.72","51,429.62","51,588.72","51,025.20","126.45M","-0.21%"
"Aug 25, 2017","51,373.23","51,521.18","51,620.84","51,331.44","132.05M","-0.19%"
"Aug 24, 2017","51,470.06","51,205.24","51,558.56","51,205.24","185.90M","0.37%"
"Aug 23, 2017","51,280.17","51,276.14","51,332.44","51,160.92","142.81M","-0.10%"
"Aug 22, 2017","51,332.98","51,194.24","51,448.64","51,194.24","157.04M","0.18%"
"Aug 21, 2017","51,241.11","51,131.55","51,277.68","50,985.51","112.92M","0.32%"
"Aug 18, 2017","51,075.46","50,930.50","51,254.29","50,836.42","140.02M","0.16%"
"Aug 17, 2017","50,994.18","51,176.66","51,203.36","50,889.50","140.38M","-0.32%"
"Aug 16, 2017","51,156.67","51,331.90","51,431.91","50,983.44","204.80M","-0.36%"
"Aug 15, 2017","51,339.29","51,225.54","51,362.08","51,151.87","138.30M","0.34%"
"Aug 14, 2017","51,167.47","50,680.43","51,231.33","50,680.43","144.31M","1.03%"
"Aug 11, 2017","50,645.10","50,895.92","50,912.76","50,605.88","205.26M","-0.51%"
"Aug 10, 2017","50,906.84","51,235.27","51,248.01","50,618.23","184.94M","-0.65%"
"Aug 09, 2017","51,237.50","51,263.01","51,395.04","51,081.06","128.89M","-0.18%"
"Aug 08, 2017","51,328.76","51,331.79","51,722.06","51,305.77","151.54M","-0.12%"
"Aug 07, 2017","51,389.27","51,300.22","51,572.55","51,300.22","137.27M","0.12%"
"Aug 04, 2017","51,328.29","51,240.67","51,415.61","51,181.71","160.13M","0.07%"
"Aug 03, 2017","51,293.07","51,198.14","51,343.28","51,088.97","180.71M","0.18%"
"Aug 02, 2017","51,200.13","51,153.86","51,484.77","51,105.47","185.31M","0.01%"
"Aug 01, 2017","51,195.01","51,282.19","51,432.77","51,141.27","649.07M","0.36%"
"Jul 31, 2017","51,011.87","51,219.58","51,335.99","50,926.13","220.35M","-0.39%"
"Jul 28, 2017","51,213.60","51,228.42","51,320.51","50,895.54","171.08M","-0.09%"
"Jul 27, 2017","51,257.36","51,545.92","51,660.78","51,172.84","158.69M","-0.66%"
"Jul 26, 2017","51,600.26","51,537.30","51,765.94","51,476.45","198.20M","-0.22%"
"Jul 25, 2017","51,713.38","51,590.48","51,772.37","51,524.23","148.40M","0.09%"
"Jul 24, 2017","51,665.65","51,526.39","51,743.62","51,205.54","128.87M","0.20%"
"Jul 21, 2017","51,564.62","51,180.04","51,641.38","51,165.61","153.69M","0.82%"
"Jul 20, 2017","51,144.14","51,163.21","51,264.51","51,082.68","103.58M","0.11%"
"Jul 19, 2017","51,086.93","51,172.91","51,363.99","50,890.25","173.05M","-0.03%"
"Jul 18, 2017","51,099.71","51,228.36","51,230.70","50,990.67","156.04M","-0.45%"
"Jul 17, 2017","51,332.29","51,141.63","51,364.19","50,950.62","137.17M","0.33%"
"Jul 14, 2017","51,162.23","50,966.87","51,298.10","50,824.13","156.84M","0.38%"
"Jul 13, 2017","50,968.76","50,820.85","51,014.14","50,704.20","258.96M","0.31%"
"Jul 12, 2017","50,809.77","50,847.95","51,103.85","50,440.70","314.86M","0.59%"
"Jul 11, 2017","50,510.23","50,545.51","50,869.10","50,344.78","242.79M","-0.21%"
"Jul 10, 2017","50,616.81","50,058.70","50,661.75","49,975.73","247.90M","1.11%"
"Jul 07, 2017","50,059.02","50,042.53","50,141.18","49,696.97","151.50M","0.09%"
"Jul 06, 2017","50,015.67","50,268.95","50,274.91","49,884.18","178.01M","-0.57%"
"Jul 05, 2017","50,300.81","50,065.52","50,339.63","50,022.15","149.65M","0.52%"
"Jul 04, 2017","50,041.58","49,999.07","50,236.44","49,925.31","36.06M","-0.13%"
"Jul 03, 2017","50,109.16","49,831.53","50,312.02","49,790.53","79.97M","0.50%"
"Jun 30, 2017","49,857.49","49,255.08","49,901.51","49,204.76","160.43M","1.34%"
"Jun 29, 2017","49,198.12","49,380.50","49,428.55","49,001.78","124.12M","-0.29%"
"Jun 28, 2017","49,340.11","49,129.56","49,391.38","49,067.78","141.96M","0.51%"
"Jun 27, 2017","49,087.74","49,179.01","49,207.87","48,944.09","149.86M","-0.16%"
"Jun 26, 2017","49,165.67","48,806.04","49,267.68","48,770.98","135.73M","0.38%"
"Jun 23, 2017","48,980.78","48,938.38","49,139.06","48,873.85","148.04M","-0.07%"
"Jun 22, 2017","49,017.43","48,933.08","49,053.00","48,827.56","106.90M","0.07%"
"Jun 21, 2017","48,983.45","48,958.71","49,203.64","48,895.36","171.78M","-0.10%"
"Jun 20, 2017","49,033.05","49,209.62","49,226.76","48,937.66","147.57M","-0.28%"
"Jun 19, 2017","49,169.57","49,231.61","49,473.67","48,935.15","197.81M","-0.10%"
"Jun 16, 2017","49,221.03","49,134.10","49,348.77","48,870.10","612.36M","0.17%"
"Jun 15, 2017","49,139.70","49,233.21","49,233.85","48,861.25","137.20M","-0.31%"
"Jun 14, 2017","49,291.03","49,121.20","49,378.69","49,022.54","169.95M","0.54%"
"Jun 13, 2017","49,026.83","49,183.47","49,203.36","48,978.17","135.84M","-0.21%"
"Jun 12, 2017","49,128.76","49,073.66","49,241.30","48,952.75","137.32M","0.10%"
"Jun 09, 2017","49,081.73","49,046.86","49,277.32","48,993.26","156.51M","-0.01%"
"Jun 08, 2017","49,087.46","49,302.66","49,327.41","49,018.96","148.78M","-0.38%"
"Jun 07, 2017","49,274.97","49,194.22","49,352.78","49,030.24","169.61M","0.11%"
"Jun 06, 2017","49,218.62","49,566.33","49,566.33","49,177.54","140.94M","-0.75%"
"Jun 05, 2017","49,592.49","49,244.27","49,627.76","49,120.67","131.65M","0.56%"
"Jun 02, 2017","49,317.38","49,100.82","49,323.72","48,979.59","128.67M","0.44%"
"Jun 01, 2017","49,101.64","48,795.89","49,224.46","48,774.91","158.60M","0.64%"
"May 31, 2017","48,788.44","49,275.63","49,423.41","48,749.96","336.95M","-0.99%"
"May 30, 2017","49,277.95","49,452.20","49,634.11","49,089.09","103.29M","-0.35%"
"May 29, 2017","49,450.48","49,676.03","49,701.28","49,332.55","30.74M","-0.45%"
"May 26, 2017","49,674.92","49,411.73","49,741.81","49,195.27","140.81M","0.53%"
"May 25, 2017","49,410.92","49,502.26","49,696.99","49,319.91","136.32M","-0.17%"
"May 24, 2017","49,494.40","49,045.14","49,581.99","49,045.14","158.36M","0.92%"
"May 23, 2017","49,042.52","48,945.98","49,119.90","48,771.77","146.38M","0.20%"
"May 22, 2017","48,943.46","49,056.73","49,415.89","48,793.24","165.74M","-0.25%"
"May 19, 2017","49,067.47","48,322.24","49,172.65","48,274.62","207.22M","1.54%"
"May 18, 2017","48,322.24","48,759.26","48,759.26","48,146.00","188.15M","-0.87%"
"May 17, 2017","48,747.95","49,457.90","49,460.97","48,731.54","217.47M","-1.44%"
"May 16, 2017","49,459.62","49,680.10","49,817.31","49,404.63","231.52M","-0.44%"
"May 15, 2017","49,678.96","49,433.95","49,733.50","49,338.73","166.44M","0.51%"
"May 12, 2017","49,426.08","49,531.87","49,566.95","49,228.54","161.49M","-0.21%"
"May 11, 2017","49,530.53","49,930.73","49,937.07","49,458.06","189.15M","-0.80%"
"May 10, 2017","49,930.54","49,941.49","50,154.33","49,850.10","183.32M","-0.02%"
"May 09, 2017","49,939.47","49,503.04","50,026.56","49,503.04","169.03M","0.88%"
"May 08, 2017","49,505.86","49,491.42","49,582.49","49,346.09","112.00M","0.04%"
"May 05, 2017","49,485.67","48,994.68","49,485.74","48,963.88","154.78M","1.00%"
"May 04, 2017","48,998.11","49,098.06","49,312.07","48,867.37","162.57M","-0.21%"
"May 03, 2017","49,099.98","49,540.30","49,757.96","49,070.31","150.61M","-0.99%"
"May 02, 2017","49,588.84","49,260.12","49,646.61","49,220.77","188.06M","0.66%"
"Apr 28, 2017","49,261.33","49,444.98","49,478.26","49,151.90","140.42M","-0.36%"
"Apr 27, 2017","49,440.96","49,552.32","49,649.47","49,184.12","242.50M","-0.25%"
"Apr 26, 2017","49,565.16","49,807.85","50,147.04","49,130.50","254.57M","-0.49%"
"Apr 25, 2017","49,808.05","49,411.34","49,821.47","49,411.34","232.99M","0.80%"
"Apr 24, 2017","49,413.26","48,969.69","49,504.59","48,969.69","127.09M","0.91%"
"Apr 21, 2017","48,967.83","49,131.74","49,131.74","48,727.74","110.08M","-0.36%"
"Apr 20, 2017","49,144.96","48,882.27","49,145.91","48,741.05","171.83M","0.55%"
"Apr 19, 2017","48,873.84","48,765.55","48,975.44","48,727.68","168.76M","0.23%"
"Apr 18, 2017","48,762.53","49,010.22","49,012.59","48,335.98","124.84M","-0.51%"
"Apr 17, 2017","49,011.56","48,969.04","49,222.96","48,844.01","115.73M","0.11%"
"Apr 12, 2017","48,955.82","49,607.29","49,661.08","48,871.89","129.96M","-1.37%"
"Apr 11, 2017","49,637.93","49,540.76","49,753.57","49,102.80","115.48M","0.20%"
"Apr 10, 2017","49,540.26","49,339.65","49,590.85","49,163.31","84.46M","0.40%"
"Apr 07, 2017","49,343.64","49,012.22","49,393.25","48,887.08","120.46M","0.68%"
"Apr 06, 2017","49,012.42","49,207.77","49,313.73","48,838.85","136.58M","-0.40%"
"Apr 05, 2017","49,207.61","49,339.24","49,560.90","49,118.21","221.54M","-0.27%"
"Apr 04, 2017","49,342.77","48,799.09","49,342.80","48,791.43","194.46M","1.07%"
"Apr 03, 2017","48,819.07","48,549.23","49,008.81","48,461.27","112.93M","0.57%"
"Mar 31, 2017","48,541.56","48,863.13","48,925.44","48,541.56","250.13M","-0.66%"
"Mar 30, 2017","48,863.30","49,032.09","49,068.48","48,719.63","146.15M","-0.35%"
"Mar 29, 2017","49,036.52","49,335.81","49,335.81","48,941.48","189.36M","-0.61%"
"Mar 28, 2017","49,339.24","49,310.77","49,523.94","49,194.72","167.51M","0.05%"
"Mar 27, 2017","49,312.99","49,082.89","49,312.99","48,743.81","181.24M","0.47%"
"Mar 24, 2017","49,083.85","48,675.19","49,105.31","48,595.08","185.41M","0.84%"
"Mar 23, 2017","48,676.91","48,481.15","48,898.32","48,437.00","179.10M","0.39%"
"Mar 22, 2017","48,487.30","48,592.26","48,612.61","48,201.81","191.06M","-0.21%"
"Mar 21, 2017","48,589.05","48,593.64","49,240.09","48,422.84","257.46M","-0.01%"
"Mar 17, 2017","48,593.44","48,066.82","48,626.12","47,924.89","476.57M","1.12%"
"Mar 16, 2017","48,056.56","47,496.00","48,333.61","47,333.79","241.30M","1.23%"
"Mar 15, 2017","47,470.31","47,087.77","47,583.60","46,905.53","183.17M","0.81%"
"Mar 14, 2017","47,087.97","47,095.78","47,181.23","46,597.58","203.72M","-0.03%"
"Mar 13, 2017","47,101.14","47,093.31","47,288.75","46,965.88","135.74M","-0.00%"
"Mar 10, 2017","47,102.31","47,262.91","47,481.69","47,026.37","139.49M","-0.34%"
"Mar 09, 2017","47,263.92","47,538.82","47,563.37","47,072.57","163.12M","-0.58%"
"Mar 08, 2017","47,539.22","47,410.19","47,688.77","47,298.72","136.13M","0.25%"
"Mar 07, 2017","47,419.16","47,883.99","47,886.24","47,406.29","175.52M","-0.97%"
"Mar 06, 2017","47,883.59","47,407.29","47,891.33","46,995.61","148.82M","0.99%"
"Mar 03, 2017","47,414.57","47,292.30","47,574.47","47,001.99","121.34M","0.27%"
"Mar 02, 2017","47,288.66","47,458.69","47,513.90","46,960.25","184.59M","-0.35%"
"Mar 01, 2017","47,454.15","46,853.67","47,564.35","46,853.67","180.69M","1.27%"
"Feb 28, 2017","46,856.79","47,352.45","47,378.09","46,692.47","260.12M","-1.04%"
"Feb 27, 2017","47,349.20","47,040.95","47,464.25","46,859.57","186.76M","0.64%"
"Feb 24, 2017","47,047.67","47,215.56","47,215.56","46,587.93","188.68M","-0.34%"
"Feb 23, 2017","47,206.36","47,197.19","47,482.61","46,842.46","238.22M","0.02%"
"Feb 22, 2017","47,195.68","47,614.69","47,654.64","47,194.58","176.39M","-0.88%"
"Feb 21, 2017","47,614.99","47,089.12","47,638.52","47,089.12","214.10M","1.13%"
"Feb 20, 2017","47,083.81","47,159.16","47,612.29","47,046.40","33.29M","-0.17%"
"Feb 17, 2017","47,164.71","47,303.05","47,386.17","47,005.42","138.80M","-0.27%"
"Feb 16, 2017","47,293.85","47,165.68","47,444.27","47,121.18","187.27M","0.28%"
"Feb 15, 2017","47,161.74","47,392.44","47,467.14","47,059.68","197.14M","-0.48%"
"Feb 14, 2017","47,391.24","47,650.24","47,687.13","47,279.43","181.71M","-0.57%"
"Feb 13, 2017","47,661.69","47,798.38","47,904.73","47,391.48","179.42M","-0.28%"
"Feb 10, 2017","47,797.04","47,222.94","48,115.98","47,123.03","190.94M","1.20%"
"Feb 09, 2017","47,232.17","46,907.01","47,461.60","46,850.09","227.89M","0.66%"
"Feb 08, 2017","46,921.71","46,767.22","46,985.23","46,639.21","216.44M","0.41%"
"Feb 07, 2017","46,728.95","47,228.04","47,258.29","46,614.38","310.76M","-1.05%"
"Feb 03, 2017","47,225.10","47,097.51","47,228.65","46,801.77","256.74M","0.28%"
"Feb 02, 2017","47,095.07","47,019.85","47,111.78","46,909.31","212.00M","0.18%"
"Feb 01, 2017","47,009.51","47,001.97","47,225.23","46,780.03","176.07M","0.02%"
"Jan 31, 2017","47,001.06","47,131.23","47,243.07","46,928.48","221.91M","-0.19%"
"Jan 30, 2017","47,091.82","47,611.44","47,611.44","46,761.50","162.26M","-0.69%"
"Jan 27, 2017","47,421.12","47,632.58","47,695.48","47,192.03","148.80M","-0.40%"
"Jan 26, 2017","47,611.44","48,280.47","48,284.31","47,372.48","194.37M","-1.38%"
"Jan 25, 2017","48,275.83","48,152.63","48,632.51","47,870.87","223.35M","0.26%"
"Jan 24, 2017","48,149.61","47,121.18","48,220.04","47,118.15","322.21M","2.19%"
"Jan 23, 2017","47,116.24","46,325.07","47,141.00","46,170.87","157.62M","1.69%"
"Jan 20, 2017","46,331.60","46,262.54","46,396.22","46,021.58","189.35M","0.14%"
"Jan 19, 2017","46,265.26","46,360.83","46,423.59","46,059.31","161.85M","-0.21%"
"Jan 18, 2017","46,360.63","46,006.60","46,390.22","46,006.60","232.69M","0.78%"
"Jan 17, 2017","46,002.56","45,721.00","46,159.01","45,720.67","239.61M","0.57%"
"Jan 16, 2017","45,740.38","46,184.13","46,229.63","45,714.59","32.01M","-0.96%"
"Jan 13, 2017","46,182.43","46,070.69","46,438.80","46,039.78","197.63M","0.26%"
"Jan 12, 2017","46,060.98","45,935.55","46,265.15","45,805.50","174.52M","0.28%"
"Jan 11, 2017","45,933.65","45,886.18","46,085.78","45,550.10","177.04M","0.10%"
"Jan 10, 2017","45,886.27","45,585.49","45,924.51","45,531.04","221.18M","0.73%"
"Jan 09, 2017","45,553.51","46,072.38","46,153.03","45,314.58","171.81M","-1.12%"
"Jan 06, 2017","46,071.57","46,721.70","46,731.90","46,027.10","207.60M","-1.39%"
"Jan 05, 2017","46,719.99","46,586.03","46,767.37","46,285.88","244.63M","0.28%"
"Jan 04, 2017","46,587.74","46,123.36","46,587.74","46,068.83","222.05M","1.01%"
"Jan 03, 2017","46,123.36","45,698.93","46,444.72","45,690.46","170.04M","0.94%"
"Jan 02, 2017","45,695.10","45,642.80","45,792.46","45,593.26","6.98M","0.11%"
"Dec 30, 2016","45,642.90","45,910.44","45,986.29","45,374.41","83.79M","-0.58%"
"Dec 29, 2016","45,909.31","45,564.52","46,025.65","45,549.39","97.96M","0.76%"
"Dec 28, 2016","45,563.18","45,301.20","45,619.84","45,257.72","88.42M","0.58%"
"Dec 27, 2016","45,299.67","44,989.58","45,329.26","44,938.74","91.02M","0.69%"
"Dec 26, 2016","44,989.58","45,219.35","45,219.35","44,862.45","11.35M","-0.41%"
"Dec 23, 2016","45,173.54","45,016.65","45,263.23","44,922.28","63.95M","0.37%"
"Dec 22, 2016","45,008.08","44,982.43","45,041.42","44,568.27","134.59M","0.06%"
"Dec 21, 2016","44,983.03","44,936.79","45,110.81","44,817.30","143.21M","0.12%"
"Dec 20, 2016","44,930.27","44,894.69","45,266.42","44,761.97","200.34M","0.08%"
"Dec 19, 2016","44,895.29","45,121.19","45,265.78","44,875.68","138.72M","-0.50%"
"Dec 16, 2016","45,121.39","45,871.77","45,937.11","45,099.73","389.44M","-1.64%"
"Dec 15, 2016","45,871.96","46,220.24","46,235.18","45,863.97","207.01M","-0.75%"
"Dec 14, 2016","46,220.54","46,870.64","46,901.53","45,962.66","254.59M","-1.39%"
"Dec 13, 2016","46,870.24","46,916.19","47,241.13","46,370.03","264.70M","-0.09%"
"Dec 09, 2016","46,913.47","46,359.12","46,955.51","46,166.79","249.51M","1.19%"
"Dec 08, 2016","46,360.23","45,611.05","46,365.67","45,532.41","226.09M","1.65%"
"Dec 07, 2016","45,609.90","45,116.35","45,644.43","45,111.86","216.73M","1.12%"
"Dec 06, 2016","45,103.22","44,938.10","45,153.06","44,850.87","261.27M","0.37%"
"Dec 05, 2016","44,937.30","44,782.57","45,085.28","44,753.60","252.83M","0.86%"
"Dec 02, 2016","44,555.26","44,885.75","45,018.28","44,471.84","215.08M","-0.73%"
"Dec 01, 2016","44,884.86","45,314.04","45,567.44","44,865.98","245.54M","-0.95%"
"Nov 30, 2016","45,315.96","45,373.53","45,654.53","45,027.07","636.38M","-0.12%"
"Nov 29, 2016","45,372.19","45,480.97","45,504.71","45,268.88","215.49M","-0.22%"
"Nov 28, 2016","45,470.61","45,360.07","45,514.13","45,127.71","182.06M","0.25%"
"Nov 25, 2016","45,357.85","45,268.39","45,509.94","45,107.33","121.86M","0.20%"
"Nov 24, 2016","45,265.90","45,250.40","45,421.75","45,201.57","43.68M","0.18%"
"Nov 23, 2016","45,184.08","44,874.49","45,197.32","44,555.80","245.46M","0.70%"
"Nov 22, 2016","44,868.77","44,367.05","44,966.62","44,364.17","299.54M","1.14%"
"Nov 18, 2016","44,364.17","44,921.04","44,940.89","43,998.98","299.52M","-1.24%"
"Nov 17, 2016","44,919.69","44,901.67","45,315.11","44,843.56","259.39M","0.04%"
"Nov 16, 2016","44,901.57","45,039.08","45,406.21","44,788.13","375.18M","-0.27%"
"Nov 15, 2016","45,023.65","45,305.97","46,142.20","45,023.65","327.54M","-0.62%"
"Nov 14, 2016","45,306.48","44,995.97","45,956.25","44,995.88","330.39M","0.73%"
"Nov 11, 2016","44,978.25","45,229.18","45,743.49","44,737.97","479.43M","-0.54%"
"Nov 10, 2016","45,224.38","47,389.75","48,124.51","45,209.90","622.32M","-4.57%"
"Nov 09, 2016","47,390.66","48,450.38","48,450.38","46,354.69","527.15M","-2.23%"
"Nov 08, 2016","48,470.99","48,049.75","48,672.94","48,049.75","271.06M","0.88%"
"Nov 07, 2016","48,050.25","46,695.01","48,373.19","46,695.01","336.77M","2.90%"
"Nov 04, 2016","46,694.81","46,684.40","47,369.78","46,441.46","300.46M","0.02%"
"Nov 03, 2016","46,683.80","47,286.16","47,480.66","46,683.80","335.37M","-1.31%"
"Nov 01, 2016","47,303.31","48,021.29","48,157.13","47,061.90","252.16M","-1.47%"
"Oct 31, 2016","48,009.28","48,002.21","48,245.15","47,818.34","225.02M","0.00%"
"Oct 28, 2016","48,007.20","48,113.87","48,371.51","47,534.06","429.42M","-0.22%"
"Oct 27, 2016","48,114.67","47,804.63","48,115.49","47,770.58","161.64M","0.65%"
"Oct 26, 2016","47,805.44","48,095.06","48,122.67","47,726.86","192.16M","-0.60%"
"Oct 25, 2016","48,093.53","48,423.07","48,432.97","48,057.04","176.89M","-0.70%"
"Oct 24, 2016","48,431.25","48,423.20","48,619.44","48,299.30","136.56M","0.03%"
"Oct 21, 2016","48,418.40","48,273.85","48,533.94","48,123.91","163.01M","0.30%"
"Oct 20, 2016","48,274.25","48,479.66","48,563.62","48,188.06","137.34M","-0.45%"
"Oct 19, 2016","48,492.61","48,107.66","48,572.64","48,006.09","192.57M","0.80%"
"Oct 18, 2016","48,106.12","47,661.47","48,129.95","47,661.47","253.87M","0.94%"
"Oct 17, 2016","47,657.33","47,699.75","47,918.60","47,637.43","162.80M","-0.09%"
"Oct 14, 2016","47,701.45","47,746.34","48,041.05","47,645.49","257.43M","-0.08%"
"Oct 13, 2016","47,741.54","47,913.77","47,913.77","47,429.17","206.14M","-0.36%"
"Oct 12, 2016","47,915.12","48,015.07","48,069.91","47,740.03","150.05M","-0.21%"
"Oct 11, 2016","48,014.40","48,265.56","48,272.10","47,990.79","209.08M","-0.52%"
"Oct 10, 2016","48,264.96","47,597.91","48,413.66","47,555.22","199.05M","1.40%"
"Oct 07, 2016","47,596.60","47,946.30","47,946.30","47,460.34","138.56M","-0.73%"
"Oct 06, 2016","47,944.77","48,124.28","48,132.63","47,832.61","148.10M","-0.41%"
"Oct 05, 2016","48,141.42","47,909.17","48,226.09","47,904.94","165.48M","0.48%"
"Oct 04, 2016","47,909.27","47,602.29","47,986.29","47,495.24","183.62M","0.65%"
"Oct 03, 2016","47,601.93","47,250.55","47,607.28","47,080.02","143.40M","0.75%"
"Sep 30, 2016","47,245.80","47,673.60","47,961.39","47,245.09","216.88M","-0.89%"
"Sep 29, 2016","47,672.07","48,045.21","48,488.35","47,511.48","223.82M","-0.78%"
"Sep 28, 2016","48,046.56","47,734.29","48,175.27","47,639.19","209.63M","0.66%"
"Sep 27, 2016","47,731.84","47,257.30","47,731.86","46,971.64","257.08M","1.01%"
"Sep 26, 2016","47,252.54","47,776.94","47,776.94","47,094.49","239.67M","-1.10%"
"Sep 23, 2016","47,778.48","47,967.17","47,967.21","47,435.82","230.17M","-0.41%"
"Sep 22, 2016","47,975.05","46,930.34","47,975.56","46,930.34","266.02M","2.23%"
"Sep 21, 2016","46,929.19","46,345.38","46,943.70","46,344.04","263.34M","1.27%"
"Sep 20, 2016","46,341.33","45,869.69","46,421.68","45,869.69","161.31M","1.03%"
"Sep 19, 2016","45,871.04","45,927.49","46,131.43","45,737.43","197.92M","-0.11%"
"Sep 15, 2016","45,922.91","45,767.37","45,975.78","45,679.57","491.85M","0.34%"
"Sep 14, 2016","45,767.57","46,137.74","46,408.04","45,700.70","257.59M","-0.84%"
"Sep 13, 2016","46,154.20","46,719.23","46,719.23","46,012.24","278.55M","-1.21%"
"Sep 12, 2016","46,720.96","46,456.88","46,782.06","45,934.02","276.33M","0.56%"
"Sep 09, 2016","46,459.17","47,419.69","47,421.14","46,459.17","264.87M","-2.02%"
"Sep 08, 2016","47,416.97","47,397.89","47,492.98","47,250.03","186.13M","0.04%"
"Sep 07, 2016","47,398.70","47,623.23","47,676.60","47,178.76","183.37M","-0.48%"
"Sep 06, 2016","47,626.98","47,839.90","47,868.77","47,304.83","191.98M","-0.45%"
"Sep 05, 2016","47,842.23","47,786.98","47,968.16","47,786.50","19.76M","0.11%"
"Sep 02, 2016","47,787.99","47,551.11","48,096.32","47,204.06","144.81M","0.47%"
"Sep 01, 2016","47,563.34","47,544.04","47,655.61","47,314.82","199.49M","0.05%"
"Aug 31, 2016","47,541.32","47,649.69","47,768.97","47,341.90","452.68M","-0.23%"
"Aug 30, 2016","47,650.57","47,610.06","47,832.40","47,445.88","160.18M","0.11%"
"Aug 29, 2016","47,599.12","47,357.79","47,646.21","47,310.13","156.17M","0.48%"
"Aug 26, 2016","47,369.57","47,729.56","48,002.46","47,095.09","295.72M","-0.76%"
"Aug 25, 2016","47,734.20","47,741.55","47,867.90","47,642.25","238.41M","-0.02%"
"Aug 24, 2016","47,743.61","47,660.98","47,925.51","47,480.58","168.42M","0.16%"
"Aug 23, 2016","47,666.02","48,290.09","48,494.36","47,665.94","216.32M","-1.30%"
"Aug 22, 2016","48,293.46","48,289.30","48,367.05","47,899.01","151.07M","-0.01%"
"Aug 19, 2016","48,297.46","48,432.05","48,557.78","48,167.92","131.73M","-0.29%"
"Aug 18, 2016","48,437.10","48,253.04","48,492.85","47,930.87","190.79M","0.37%"
"Aug 17, 2016","48,258.93","48,351.16","48,556.08","48,100.14","190.54M","-0.19%"
"Aug 16, 2016","48,351.96","48,699.17","48,800.24","48,334.97","210.78M","-0.70%"
"Aug 15, 2016","48,694.90","48,366.89","48,956.06","48,361.00","280.07M","0.68%"
"Aug 12, 2016","48,363.89","48,348.27","48,570.99","48,096.10","240.25M","0.05%"
"Aug 11, 2016","48,341.95","47,833.88","48,434.77","47,713.84","324.98M","1.14%"
"Aug 10, 2016","47,797.70","47,635.44","47,902.82","47,565.32","227.21M","0.35%"
"Aug 09, 2016","47,630.37","47,375.59","47,801.77","47,363.26","265.88M","0.55%"
"Aug 08, 2016","47,368.65","47,207.75","47,539.22","47,012.01","182.01M","0.37%"
"Aug 05, 2016","47,194.15","46,940.23","47,197.11","46,931.25","186.30M","0.54%"
"Aug 04, 2016","46,941.46","46,839.19","47,102.21","46,678.61","154.47M","0.21%"
"Aug 03, 2016","46,844.53","46,556.22","46,888.43","46,311.28","220.93M","0.61%"
"Aug 02, 2016","46,558.36","46,806.08","46,806.08","46,143.81","221.09M","-0.53%"
"Aug 01, 2016","46,807.24","46,654.50","46,887.92","46,638.44","164.91M","0.31%"
"Jul 29, 2016","46,660.67","46,820.18","46,824.74","46,304.19","358.72M","-0.37%"
"Jul 28, 2016","46,833.87","46,818.86","46,872.12","46,402.51","305.67M","0.05%"
"Jul 27, 2016","46,812.07","46,933.76","47,575.26","46,664.16","355.20M","-0.24%"
"Jul 26, 2016","46,927.00","47,129.48","47,343.05","46,921.40","226.54M","-0.43%"
"Jul 25, 2016","47,130.41","47,524.39","47,785.29","46,971.70","161.33M","-0.86%"
"Jul 22, 2016","47,537.28","47,363.08","47,589.45","47,359.53","116.63M","0.36%"
"Jul 21, 2016","47,364.81","47,503.60","47,648.41","47,313.31","171.36M","-0.30%"
"Jul 20, 2016","47,505.25","47,054.67","47,505.25","46,936.51","195.09M","0.94%"
"Jul 19, 2016","47,060.57","46,966.61","47,134.27","46,826.87","194.78M","0.21%"
"Jul 18, 2016","46,961.25","46,711.94","47,108.65","46,611.56","201.23M","0.53%"
"Jul 15, 2016","46,713.43","46,503.07","46,767.31","46,500.39","204.96M","0.46%"
"Jul 14, 2016","46,498.51","46,273.60","46,765.21","46,273.60","249.33M","0.49%"
"Jul 13, 2016","46,271.97","46,432.70","46,614.19","46,187.65","196.40M","-0.35%"
"Jul 12, 2016","46,432.70","46,183.78","46,520.05","46,183.78","238.28M","0.55%"
"Jul 11, 2016","46,177.61","45,743.49","46,218.51","45,743.49","181.98M","0.95%"
"Jul 08, 2016","45,744.29","45,393.28","45,744.62","45,344.02","168.07M","0.77%"
"Jul 07, 2016","45,394.37","45,300.23","45,655.76","45,215.14","213.95M","0.20%"
"Jul 06, 2016","45,304.75","45,819.62","45,820.21","45,104.87","192.39M","-1.12%"
"Jul 05, 2016","45,819.60","46,200.22","46,341.24","45,669.66","204.27M","-0.83%"
"Jul 04, 2016","46,201.33","46,213.27","46,429.05","46,135.09","29.91M","-0.03%"
"Jul 01, 2016","46,213.27","45,973.20","46,251.81","45,831.33","138.78M","0.54%"
"Jun 30, 2016","45,966.49","45,466.37","45,967.22","45,419.73","279.96M","1.10%"
"Jun 29, 2016","45,466.37","44,725.81","45,584.79","44,700.43","223.78M","1.68%"
"Jun 28, 2016","44,714.54","44,297.59","44,960.89","44,297.59","247.73M","0.98%"
"Jun 27, 2016","44,282.03","44,888.95","44,888.95","43,902.25","286.03M","-1.35%"
"Jun 24, 2016","44,885.82","46,119.92","46,153.68","44,501.00","333.57M","-2.73%"
"Jun 23, 2016","46,145.92","45,820.70","46,145.92","45,820.70","159.33M","0.74%"
"Jun 22, 2016","45,806.16","45,706.19","45,809.09","45,612.42","145.64M","0.22%"
"Jun 21, 2016","45,705.42","45,781.99","45,843.07","45,421.44","180.04M","-0.16%"
"Jun 20, 2016","45,779.66","45,306.36","45,978.86","45,306.36","179.50M","1.04%"
"Jun 17, 2016","45,306.22","45,227.70","45,394.88","45,106.71","290.35M","0.18%"
"Jun 16, 2016","45,225.40","45,017.45","45,225.40","44,580.70","162.24M","0.48%"
"Jun 15, 2016","45,011.22","44,562.73","45,107.05","44,491.12","214.36M","0.99%"
"Jun 14, 2016","44,570.59","44,935.03","44,968.54","44,389.24","192.59M","-0.80%"
"Jun 13, 2016","44,930.25","45,170.46","45,180.64","44,709.18","171.96M","-0.55%"
"Jun 10, 2016","45,177.50","45,655.94","45,655.94","45,163.45","193.91M","-1.06%"
"Jun 09, 2016","45,662.71","46,266.27","46,308.05","45,660.35","250.36M","-1.30%"
"Jun 08, 2016","46,263.84","46,127.62","46,545.32","46,015.86","316.15M","0.30%"
"Jun 07, 2016","46,124.63","45,852.28","46,277.14","45,852.28","323.96M","0.58%"
"Jun 06, 2016","45,857.73","45,929.31","46,114.95","45,821.40","205.84M","-0.15%"
"Jun 03, 2016","45,928.23","45,508.46","45,933.51","45,450.47","194.22M","0.92%"
"Jun 02, 2016","45,508.31","45,549.59","45,745.81","45,458.85","191.57M","-0.11%"
"Jun 01, 2016","45,557.61","45,468.54","45,612.44","45,268.84","214.55M","0.22%"
"May 31, 2016","45,459.45","46,026.15","46,069.13","45,371.73","665.04M","-1.21%"
"May 30, 2016","46,017.21","46,119.54","46,204.45","45,936.23","52.02M","-0.23%"
"May 27, 2016","46,124.15","46,040.23","46,220.63","45,996.74","190.27M","0.18%"
"May 26, 2016","46,039.69","45,705.52","46,080.82","45,688.64","306.80M","0.72%"
"May 25, 2016","45,710.94","45,496.64","45,882.73","45,494.93","269.20M","0.47%"
"May 24, 2016","45,497.46","45,233.99","45,523.90","45,226.70","211.79M","0.58%"
"May 23, 2016","45,236.16","45,159.33","45,349.83","45,046.30","164.47M","0.18%"
"May 20, 2016","45,155.91","45,053.57","45,321.49","45,042.35","156.84M","0.23%"
"May 19, 2016","45,051.27","45,551.09","45,555.35","44,898.43","189.95M","-1.10%"
"May 18, 2016","45,551.20","45,871.03","45,887.77","45,395.06","186.93M","-0.70%"
"May 17, 2016","45,872.18","45,846.99","45,912.04","45,621.80","186.01M","0.06%"
"May 16, 2016","45,843.14","45,402.74","45,863.76","45,381.84","149.02M","0.97%"
"May 13, 2016","45,402.47","45,684.47","45,736.98","45,373.21","177.21M","-0.62%"
"May 12, 2016","45,685.82","45,514.65","45,838.17","45,437.48","180.08M","0.39%"
"May 11, 2016","45,506.87","45,663.61","45,733.17","45,461.43","235.37M","-0.37%"
"May 10, 2016","45,676.41","45,257.11","45,684.68","45,143.02","201.42M","0.94%"
"May 09, 2016","45,250.34","45,209.03","45,320.35","44,823.21","192.80M","0.09%"
"May 06, 2016","45,209.85","45,142.82","45,243.19","44,925.47","170.49M","0.14%"
"May 05, 2016","45,147.97","45,350.28","45,440.47","45,066.91","208.38M","-0.44%"
"May 04, 2016","45,349.00","45,649.14","45,649.14","45,060.07","381.74M","-0.65%"
"May 03, 2016","45,647.82","45,706.45","45,706.45","45,238.32","289.23M","-0.13%"
"May 02, 2016","45,707.87","45,785.96","45,847.43","45,502.52","175.85M","-0.17%"
"Apr 29, 2016","45,784.77","45,534.26","45,784.80","45,416.06","250.93M","0.56%"
"Apr 28, 2016","45,528.93","45,940.98","45,982.84","45,189.63","389.75M","-0.90%"
"Apr 27, 2016","45,941.52","45,566.89","45,965.44","45,566.89","250.19M","1.16%"
"Apr 26, 2016","45,416.90","45,584.00","45,691.80","45,279.55","205.00M","-0.36%"
"Apr 25, 2016","45,581.20","45,608.33","45,804.94","45,383.08","177.39M","-0.07%"
"Apr 22, 2016","45,613.21","45,556.11","45,825.32","45,556.11","183.34M","0.12%"
"Apr 21, 2016","45,556.65","45,653.21","45,860.01","45,539.36","217.28M","-0.21%"
"Apr 20, 2016","45,650.35","45,780.51","45,834.57","45,507.41","194.93M","-0.28%"
"Apr 19, 2016","45,780.18","45,027.04","45,881.66","45,027.04","232.78M","1.68%"
"Apr 18, 2016","45,022.63","45,518.62","45,561.44","44,956.23","175.05M","-1.13%"
"Apr 15, 2016","45,536.52","45,401.59","45,636.17","45,390.83","177.53M","0.29%"
"Apr 14, 2016","45,403.54","45,411.54","45,624.53","45,363.83","184.63M","-0.02%"
"Apr 13, 2016","45,411.30","45,095.27","45,483.22","45,076.99","219.62M","0.71%"
"Apr 12, 2016","45,090.67","44,765.35","45,126.92","44,708.63","186.95M","0.74%"
"Apr 11, 2016","44,760.53","44,864.85","45,112.56","44,745.11","173.40M","-0.22%"
"Apr 08, 2016","44,859.49","45,074.31","45,382.66","44,797.16","195.17M","-0.43%"
"Apr 07, 2016","45,052.16","45,278.81","45,290.03","44,834.24","216.47M","-0.51%"
"Apr 06, 2016","45,281.97","45,183.30","45,370.79","45,023.51","186.37M","0.21%"
"Apr 05, 2016","45,186.01","45,678.34","45,678.34","45,183.71","179.04M","-1.08%"
"Apr 04, 2016","45,678.18","46,067.25","46,077.10","45,454.10","163.15M","-0.84%"
"Apr 01, 2016","46,062.92","45,877.39","46,068.31","45,509.09","157.43M","0.40%"
"Mar 31, 2016","45,881.08","46,188.10","46,276.99","45,663.63","298.86M","-0.67%"
"Mar 30, 2016","46,191.51","45,894.40","46,307.61","45,808.55","282.56M","0.64%"
"Mar 29, 2016","45,897.65","45,623.21","45,910.81","45,456.14","254.68M","0.60%"
"Mar 28, 2016","45,623.48","45,652.44","45,847.26","45,458.59","165.07M","-0.05%"